date,ave,ave_1,ave_2,max,max_1,max_2,min,min_1,min_2
2015/1/1,3.7,8,1,8.2,8,1,0.7,8,1
2015/1/2,2.7,8,1,7.9,8,1,-2.2,8,1
2015/1/3,3.8,8,1,8.9,8,1,-1.1,8,1
2015/1/4,4.0,8,1,9.3,8,1,-0.4,8,1
2015/1/5,6.9,8,1,12.9,8,1,1.3,8,1
2015/1/6,10.8,8,1,16.0,8,1,5.8,8,1
2015/1/7,5.6,8,1,10.2,8,1,3.0,8,1
2015/1/8,6.2,8,1,11.2,8,1,2.0,8,1
2015/1/9,6.7,8,1,11.0,8,1,3.5,8,1
2015/1/10,6.3,8,1,11.2,8,1,1.9,8,1
2015/1/11,6.4,8,1,10.8,8,1,0.2,8,1
2015/1/12,5.2,8,1,9.0,8,1,2.0,8,1
2015/1/13,6.6,8,1,11.8,8,1,2.5,8,1
2015/1/14,6.6,8,1,11.5,8,1,1.2,8,1
2015/1/15,5.4,8,1,8.2,8,1,3.4,8,1
2015/1/16,8.9,8,1,13.2,8,1,4.9,8,1
2015/1/17,5.9,8,1,11.6,8,1,1.3,8,1
2015/1/18,4.7,8,1,10.9,8,1,-0.5,8,1
2015/1/19,5.7,8,1,11.7,8,1,-0.7,8,1
2015/1/20,6.3,8,1,11.2,8,1,2.7,8,1
2015/1/21,2.5,8,1,3.8,8,1,1.5,8,1
2015/1/22,4.6,8,1,5.6,8,1,3.2,8,1
2015/1/23,6.9,8,1,12.8,8,1,3.7,8,1
2015/1/24,4.9,8,1,8.1,8,1,2.9,8,1
2015/1/25,7.0,8,1,12.2,8,1,0.9,8,1
2015/1/26,9.0,8,1,12.9,8,1,5.6,8,1
2015/1/27,9.8,8,1,16.4,8,1,5.8,8,1
2015/1/28,5.2,8,1,9.7,8,1,1.4,8,1
2015/1/29,3.9,8,1,8.2,8,1,-0.9,8,1
2015/1/30,2.2,8,1,4.7,8,1,0.4,8,1
2015/1/31,4.9,8,1,10.5,8,1,0.8,8,1
2015/2/1,4.0,8,1,8.6,8,1,0.7,8,1
2015/2/2,4.7,8,1,9.6,8,1,1.0,8,1
2015/2/3,4.7,8,1,10.3,8,1,0.4,8,1
2015/2/4,5.2,8,1,9.6,8,1,1.1,8,1
2015/2/5,2.6,8,1,5.1,8,1,1.1,8,1
2015/2/6,5.4,8,1,12.0,8,1,-0.3,8,1
2015/2/7,5.3,8,1,9.6,8,1,1.2,8,1
2015/2/8,4.0,8,1,6.8,8,1,2.0,8,1
2015/2/9,2.0,8,1,4.9,8,1,-0.6,8,1
2015/2/10,3.2,8,1,8.1,8,1,-2.4,8,1
2015/2/11,5.6,8,1,10.9,8,1,0.2,8,1
2015/2/12,7.0,8,1,13.0,8,1,1.2,8,1
2015/2/13,5.0,8,1,12.3,8,1,1.1,8,1
2015/2/14,4.9,8,1,10.6,8,1,-1.4,8,1
2015/2/15,5.5,8,1,11.7,8,1,0.3,8,1
2015/2/16,7.0,8,1,13.2,8,1,1.5,8,1
2015/2/17,3.9,8,1,5.4,8,1,1.3,8,1
2015/2/18,3.3,8,1,4.3,8,1,2.5,8,1
2015/2/19,6.2,8,1,13.0,8,1,0.9,8,1
2015/2/20,6.3,8,1,11.9,8,1,2.5,8,1
2015/2/21,6.2,8,1,10.5,8,1,2.0,8,1
2015/2/22,6.3,8,1,8.0,8,1,4.4,8,1
2015/2/23,10.7,8,1,19.2,8,1,6.3,8,1
2015/2/24,9.7,8,1,12.7,8,1,7.2,8,1
2015/2/25,9.2,8,1,13.2,8,1,7.5,8,1
2015/2/26,6.6,8,1,7.9,8,1,5.0,8,1
2015/2/27,8.2,8,1,15.3,8,1,3.8,8,1
2015/2/28,7.4,8,1,12.8,8,1,3.0,8,1
2015/3/1,6.9,8,1,9.8,8,1,5.4,8,1
2015/3/2,9.3,8,1,14.1,8,1,5.1,8,1
2015/3/3,5.6,8,1,7.7,8,1,3.6,8,1
2015/3/4,9.6,8,1,17.5,8,1,3.2,8,1
2015/3/5,9.3,8,1,14.3,8,1,5.4,8,1
2015/3/6,7.3,8,1,12.0,8,1,4.9,8,1
2015/3/7,6.0,8,1,8.2,8,1,3.9,8,1
2015/3/8,8.2,8,1,10.9,8,1,5.9,8,1
2015/3/9,9.0,8,1,9.9,8,1,8.4,8,1
2015/3/10,7.7,8,1,13.7,8,1,1.7,8,1
2015/3/11,6.2,8,1,12.2,8,1,-0.4,8,1
2015/3/12,8.6,8,1,14.8,8,1,3.6,8,1
2015/3/13,8.9,8,1,14.4,8,1,1.8,8,1
2015/3/14,8.9,8,1,13.5,8,1,4.7,8,1
2015/3/15,8.4,8,1,13.0,8,1,4.9,8,1
2015/3/16,11.1,8,1,16.0,8,1,7.3,8,1
2015/3/17,14.5,8,1,21.2,8,1,9.2,8,1
2015/3/18,14.8,8,1,21.7,8,1,10.7,8,1
2015/3/19,11.9,8,1,15.9,8,1,10.3,8,1
2015/3/20,11.8,8,1,14.9,8,1,9.9,8,1
2015/3/21,10.5,8,1,16.0,8,1,7.2,8,1
2015/3/22,12.9,8,1,18.7,8,1,6.6,8,1
2015/3/23,10.7,8,1,17.0,8,1,4.7,8,1
2015/3/24,8.2,8,1,15.1,8,1,3.9,8,1
2015/3/25,8.1,8,1,14.3,8,1,2.7,8,1
2015/3/26,9.5,8,1,15.8,8,1,4.9,8,1
2015/3/27,12.3,8,1,20.4,8,1,4.0,8,1
2015/3/28,14.1,8,1,20.6,8,1,7.6,8,1
2015/3/29,14.6,8,1,21.1,8,1,9.0,8,1
2015/3/30,16.2,8,1,23.6,8,1,9.4,8,1
2015/3/31,16.7,8,1,23.2,8,1,9.8,8,1
2015/4/1,13.9,8,1,18.7,8,1,8.8,8,1
2015/4/2,11.6,8,1,17.4,8,1,6.5,8,1
2015/4/3,17.3,8,1,20.6,8,1,12.1,8,1
2015/4/4,13.2,8,1,19.1,8,1,10.0,8,1
2015/4/5,10.3,8,1,11.4,8,1,8.6,8,1
2015/4/6,16.2,8,1,22.9,8,1,11.2,8,1
2015/4/7,10.0,8,1,13.0,8,1,6.9,8,1
2015/4/8,4.1,8,1,7.6,8,1,2.4,8,1
2015/4/9,7.4,8,1,13.2,8,1,3.2,8,1
2015/4/10,8.3,8,1,12.1,8,1,5.3,8,1
2015/4/11,11.5,8,1,16.2,8,1,8.4,8,1
2015/4/12,12.9,8,1,18.0,8,1,8.4,8,1
2015/4/13,9.7,8,1,11.3,8,1,8.5,8,1
2015/4/14,12.1,8,1,14.1,8,1,9.3,8,1
2015/4/15,15.4,8,1,21.4,8,1,10.5,8,1
2015/4/16,15.7,8,1,21.5,8,1,8.8,8,1
2015/4/17,16.4,8,1,24.9,8,1,9.3,8,1
2015/4/18,14.0,8,1,19.7,8,1,6.8,8,1
2015/4/19,14.3,8,1,17.2,8,1,10.4,8,1
2015/4/20,18.4,8,1,20.7,8,1,13.6,8,1
2015/4/21,17.5,8,1,20.5,8,1,13.9,8,1
2015/4/22,15.7,8,1,21.4,8,1,11.2,8,1
2015/4/23,18.0,8,1,24.8,8,1,11.9,8,1
2015/4/24,18.3,8,1,23.9,8,1,14.0,8,1
2015/4/25,17.2,8,1,22.9,8,1,12.6,8,1
2015/4/26,17.8,8,1,23.8,8,1,12.4,8,1
2015/4/27,19.3,8,1,25.0,8,1,13.3,8,1
2015/4/28,20.8,8,1,27.2,8,1,14.6,8,1
2015/4/29,19.4,8,1,24.3,8,1,15.0,8,1
2015/4/30,19.0,8,1,24.0,8,1,14.7,8,1
2015/5/1,20.5,8,1,27.5,8,1,14.5,8,1
2015/5/2,21.0,8,1,27.6,8,1,15.2,8,1
2015/5/3,21.2,8,1,27.0,8,1,17.2,8,1
2015/5/4,21.6,8,1,26.6,8,1,18.5,8,1
2015/5/5,18.3,8,1,22.4,8,1,13.1,8,1
2015/5/6,18.2,8,1,24.7,8,1,11.6,8,1
2015/5/7,19.1,8,1,24.7,8,1,15.7,8,1
2015/5/8,20.7,8,1,26.8,8,1,15.8,8,1
2015/5/9,18.7,8,1,21.3,8,1,16.3,8,1
2015/5/10,19.7,8,1,27.0,8,1,13.8,8,1
2015/5/11,17.2,8,1,23.5,8,1,12.1,8,1
2015/5/12,19.6,8,1,22.7,8,1,15.9,8,1
2015/5/13,22.5,8,1,28.4,8,1,17.4,8,1
2015/5/14,23.1,8,1,28.6,8,1,16.9,8,1
2015/5/15,22.7,8,1,27.8,8,1,18.9,8,1
2015/5/16,20.9,8,1,23.7,8,1,19.5,8,1
2015/5/17,22.2,8,1,27.8,8,1,18.9,8,1
2015/5/18,21.5,8,1,26.2,5,1,17.5,8,1
2015/5/19,20.2,8,1,24.2,8,1,16.6,8,1
2015/5/20,22.2,8,1,27.3,8,1,18.3,8,1
2015/5/21,19.5,8,1,25.7,8,1,13.4,8,1
2015/5/22,20.5,8,1,26.0,8,1,15.0,8,1
2015/5/23,21.6,8,1,27.1,8,1,16.1,8,1
2015/5/24,21.0,8,1,26.0,8,1,17.3,8,1
2015/5/25,21.3,8,1,26.1,8,1,16.6,8,1
2015/5/26,23.3,8,1,30.9,8,1,16.9,8,1
2015/5/27,23.9,8,1,30.2,8,1,18.7,8,1
2015/5/28,22.1,8,1,26.8,8,1,18.4,8,1
2015/5/29,20.7,8,1,22.8,8,1,18.3,8,1
2015/5/30,23.4,8,1,29.6,8,1,18.4,8,1
2015/5/31,25.7,8,1,32.2,8,1,20.6,8,1
2015/6/1,23.6,8,1,27.7,8,1,20.8,8,1
2015/6/2,23.5,8,1,28.7,8,1,19.7,8,1
2015/6/3,21.7,8,1,22.9,8,1,20.1,8,1
2015/6/4,23.1,8,1,29.1,8,1,18.6,8,1
2015/6/5,18.8,8,1,22.5,8,1,14.2,8,1
2015/6/6,18.0,8,1,24.6,8,1,13.4,8,1
2015/6/7,20.8,8,1,25.5,8,1,16.1,8,1
2015/6/8,21.0,8,1,25.3,8,1,17.2,8,1
2015/6/9,19.5,8,1,21.9,8,1,17.3,8,1
2015/6/10,22.6,8,1,27.8,8,1,17.5,8,1
2015/6/11,23.0,8,1,27.5,8,1,18.9,8,1
2015/6/12,21.4,8,1,25.0,8,1,18.9,8,1
2015/6/13,24.0,8,1,29.0,8,1,20.8,8,1
2015/6/14,22.5,8,1,26.8,8,1,20.5,8,1
2015/6/15,24.6,8,1,30.8,8,1,19.5,8,1
2015/6/16,23.3,8,1,27.2,8,1,20.0,8,1
2015/6/17,21.6,8,1,24.8,8,1,19.8,8,1
2015/6/18,21.9,8,1,26.1,8,1,19.8,8,1
2015/6/19,19.1,8,1,20.8,8,1,17.6,8,1
2015/6/20,21.7,8,1,26.9,8,1,17.2,8,1
2015/6/21,20.6,8,1,22.8,8,1,18.2,8,1
2015/6/22,22.6,8,1,26.8,8,1,18.5,8,1
2015/6/23,23.4,8,1,28.8,8,1,18.4,8,1
2015/6/24,23.8,8,1,29.9,8,1,18.0,8,1
2015/6/25,24.3,8,1,28.7,8,1,20.6,8,1
2015/6/26,22.4,8,1,25.6,8,1,20.6,8,1
2015/6/27,22.6,8,1,25.5,8,1,20.6,8,1
2015/6/28,23.2,8,1,31.4,8,1,18.4,8,1
2015/6/29,21.6,8,1,26.3,8,1,18.0,8,1
2015/6/30,22.5,8,1,26.7,8,1,19.8,8,1
2015/7/1,20.5,8,1,22.4,8,1,19.2,8,1
2015/7/2,22.5,8,1,25.0,8,1,20.1,8,1
2015/7/3,21.9,8,1,23.4,8,1,20.8,8,1
2015/7/4,22.5,8,1,25.9,8,1,20.8,8,1
2015/7/5,20.1,8,1,21.9,8,1,19.1,8,1
2015/7/6,19.8,8,1,21.1,8,1,18.9,8,1
2015/7/7,21.3,8,1,24.3,8,1,18.7,8,1
2015/7/8,22.4,8,1,26.6,8,1,19.2,8,1
2015/7/9,19.4,8,1,20.4,8,1,18.6,8,1
2015/7/10,23.2,8,1,28.9,8,1,17.6,8,1
2015/7/11,25.9,8,1,31.3,8,1,21.1,8,1
2015/7/12,27.2,8,1,32.0,8,1,22.4,8,1
2015/7/13,29.4,8,1,34.2,8,1,24.1,8,1
2015/7/14,29.9,8,1,34.3,8,1,26.7,8,1
2015/7/15,28.4,8,1,33.2,8,1,24.2,8,1
2015/7/16,26.4,8,1,28.9,8,1,23.6,8,1
2015/7/17,26.7,8,1,30.4,8,1,22.8,8,1
2015/7/18,27.2,8,1,29.9,8,1,25.6,8,1
2015/7/19,29.4,8,1,34.8,8,1,25.0,8,1
2015/7/20,28.8,8,1,33.5,8,1,25.8,8,1
2015/7/21,29.4,8,1,34.9,8,1,25.4,8,1
2015/7/22,28.9,8,1,32.8,8,1,25.4,8,1
2015/7/23,27.0,8,1,30.4,8,1,24.7,8,1
2015/7/24,28.1,8,1,33.9,8,1,25.0,8,1
2015/7/25,28.6,8,1,33.1,8,1,24.7,8,1
2015/7/26,30.3,8,1,35.8,8,1,26.0,8,1
2015/7/27,30.4,8,1,35.0,8,1,25.6,8,1
2015/7/28,29.6,8,1,34.1,8,1,27.1,8,1
2015/7/29,29.4,8,1,32.5,8,1,27.1,8,1
2015/7/30,29.1,8,1,34.3,8,1,26.5,8,1
2015/7/31,30.0,8,1,35.0,8,1,25.9,8,1
2015/8/1,30.5,8,1,35.3,8,1,26.6,8,1
2015/8/2,30.2,8,1,35.1,8,1,26.3,8,1
2015/8/3,29.8,8,1,35.0,8,1,26.1,8,1
2015/8/4,30.0,8,1,35.1,8,1,26.5,8,1
2015/8/5,30.2,8,1,35.2,8,1,25.7,8,1
2015/8/6,30.9,8,1,35.9,8,1,26.8,8,1
2015/8/7,31.5,8,1,37.7,8,1,26.8,8,1
2015/8/8,27.6,8,1,32.6,8,1,24.9,8,1
2015/8/9,27.9,8,1,33.4,8,1,24.7,8,1
2015/8/10,27.9,8,1,31.9,8,1,25.5,8,1
2015/8/11,29.4,8,1,35.5,8,1,25.3,8,1
2015/8/12,28.9,8,1,33.7,8,1,26.3,8,1
2015/8/13,27.5,8,1,30.5,8,1,25.3,8,1
2015/8/14,26.9,8,1,31.8,8,1,24.0,8,1
2015/8/15,27.7,8,1,33.1,8,1,24.1,8,1
2015/8/16,27.8,8,1,31.9,8,1,24.6,8,1
2015/8/17,25.7,8,1,28.0,8,1,23.6,8,1
2015/8/18,28.2,8,1,31.9,8,1,26.0,8,1
2015/8/19,27.8,8,1,31.4,8,1,25.7,8,1
2015/8/20,25.6,8,1,27.0,8,1,24.0,8,1
2015/8/21,26.0,8,1,29.4,8,1,24.5,8,1
2015/8/22,28.3,8,1,32.7,8,1,24.7,8,1
2015/8/23,26.7,8,1,31.4,8,1,24.0,8,1
2015/8/24,24.3,8,1,29.3,8,1,21.6,8,1
2015/8/25,21.5,8,1,22.9,8,1,18.2,8,1
2015/8/26,19.5,8,1,21.3,8,1,17.9,8,1
2015/8/27,23.6,8,1,27.3,8,1,20.2,8,1
2015/8/28,21.7,8,1,22.9,8,1,19.9,8,1
2015/8/29,20.0,8,1,21.0,8,1,19.1,8,1
2015/8/30,21.2,8,1,22.5,8,1,20.3,8,1
2015/8/31,22.1,8,1,24.1,8,1,20.6,8,1
2015/9/1,23.7,8,1,26.5,8,1,21.4,8,1
2015/9/2,26.9,8,1,31.5,8,1,24.5,8,1
2015/9/3,25.7,8,1,30.4,8,1,22.9,8,1
2015/9/4,24.7,8,1,30.1,8,1,22.3,8,1
2015/9/5,25.4,8,1,29.3,8,1,22.9,8,1
2015/9/6,23.8,8,1,27.5,8,1,22.4,8,1
2015/9/7,23.0,8,1,26.1,8,1,20.7,8,1
2015/9/8,20.0,8,1,21.0,8,1,18.8,8,1
2015/9/9,22.4,8,1,25.3,8,1,18.7,8,1
2015/9/10,21.8,8,1,23.5,8,1,19.8,8,1
2015/9/11,23.9,8,1,29.3,8,1,19.7,8,1
2015/9/12,24.7,8,1,29.5,8,1,20.5,8,1
2015/9/13,24.4,8,1,27.5,8,1,21.7,8,1
2015/9/14,22.9,8,1,27.3,8,1,20.5,8,1
2015/9/15,22.3,8,1,27.5,8,1,18.8,8,1
2015/9/16,21.1,8,1,25.2,8,1,17.8,8,1
2015/9/17,17.9,8,1,18.9,8,1,16.1,8,1
2015/9/18,20.6,8,1,23.9,8,1,18.0,8,1
2015/9/19,24.1,8,1,29.3,8,1,20.4,8,1
2015/9/20,23.3,8,1,28.4,8,1,19.8,8,1
2015/9/21,22.7,8,1,27.5,8,1,19.5,8,1
2015/9/22,23.0,8,1,28.5,8,1,19.6,8,1
2015/9/23,22.4,8,1,27.2,8,1,18.9,8,1
2015/9/24,20.4,8,1,23.0,8,1,18.2,8,1
2015/9/25,17.7,8,1,19.5,8,1,16.1,8,1
2015/9/26,20.5,8,1,24.6,8,1,17.5,8,1
2015/9/27,21.4,8,1,24.5,8,1,19.8,8,1
2015/9/28,23.3,8,1,27.8,8,1,19.3,8,1
2015/9/29,22.7,8,1,26.6,8,1,19.6,8,1
2015/9/30,20.9,8,1,25.8,8,1,17.3,8,1
2015/10/1,19.4,8,1,23.4,8,1,14.8,8,1
2015/10/2,23.2,8,1,28.1,8,1,18.7,8,1
2015/10/3,21.7,8,1,26.7,8,1,18.3,8,1
2015/10/4,21.3,8,1,27.1,8,1,17.1,8,1
2015/10/5,17.9,8,1,20.1,8,1,16.4,8,1
2015/10/6,17.7,8,1,22.4,8,1,13.9,8,1
2015/10/7,17.5,8,1,22.4,8,1,13.8,8,1
2015/10/8,19.4,8,1,24.6,8,1,12.1,8,1
2015/10/9,20.2,8,1,25.5,8,1,15.3,8,1
2015/10/10,18.3,8,1,20.4,8,1,14.6,8,1
2015/10/11,18.9,8,1,21.0,8,1,16.4,8,1
2015/10/12,18.7,8,1,23.1,8,1,15.4,8,1
2015/10/13,18.8,8,1,24.2,8,1,14.2,8,1
2015/10/14,18.4,8,1,23.2,8,1,14.9,8,1
2015/10/15,18.8,8,1,23.1,8,1,13.7,8,1
2015/10/16,15.6,8,1,17.6,8,1,14.9,8,1
2015/10/17,17.5,8,1,20.3,8,1,15.7,8,1
2015/10/18,18.8,8,1,23.9,8,1,15.8,8,1
2015/10/19,19.0,8,1,24.3,8,1,14.6,8,1
2015/10/20,19.0,8,1,23.9,8,1,15.5,8,1
2015/10/21,17.2,8,1,20.8,8,1,15.3,8,1
2015/10/22,17.4,8,1,23.2,8,1,13.5,8,1
2015/10/23,17.9,8,1,21.3,8,1,15.7,8,1
2015/10/24,19.0,8,1,23.9,8,1,15.2,8,1
2015/10/25,16.1,8,1,19.9,8,1,13.1,8,1
2015/10/26,15.5,8,1,20.4,8,1,11.7,8,1
2015/10/27,18.3,8,1,24.9,8,1,10.3,8,1
2015/10/28,20.8,8,1,26.1,8,1,16.1,8,1
2015/10/29,17.1,8,1,19.1,8,1,15.4,8,1
2015/10/30,17.1,8,1,21.6,8,1,14.0,8,1
2015/10/31,14.4,8,1,16.6,8,1,11.8,8,1
2015/11/1,13.1,8,1,17.4,8,1,9.5,8,1
2015/11/2,12.7,8,1,15.3,8,1,9.6,8,1
2015/11/3,16.2,8,1,21.3,8,1,12.3,8,1
2015/11/4,14.4,8,1,20.1,8,1,9.6,8,1
2015/11/5,15.1,8,1,21.1,8,1,10.3,8,1
2015/11/6,16.4,8,1,22.2,8,1,10.5,8,1
2015/11/7,16.5,8,1,20.9,8,1,13.0,8,1
2015/11/8,15.2,8,1,17.9,8,1,14.2,8,1
2015/11/9,18.2,8,1,22.9,8,1,14.9,8,1
2015/11/10,16.5,8,1,18.2,8,1,13.8,8,1
2015/11/11,14.9,8,1,18.4,8,1,12.5,8,1
2015/11/12,13.4,8,1,17.1,8,1,12.0,8,1
2015/11/13,13.1,8,1,16.8,8,1,10.0,8,1
2015/11/14,13.0,8,1,14.0,8,1,12.2,8,1
2015/11/15,16.0,8,1,20.0,8,1,13.6,8,1
2015/11/16,17.2,8,1,21.2,5,1,12.2,8,1
2015/11/17,18.5,8,1,23.7,8,1,15.6,8,1
2015/11/18,16.7,8,1,20.8,8,1,14.4,8,1
2015/11/19,14.5,8,1,18.6,8,1,12.0,8,1
2015/11/20,13.7,8,1,15.0,8,1,11.4,8,1
2015/11/21,15.5,8,1,20.8,8,1,10.1,8,1
2015/11/22,13.1,8,1,15.2,8,1,11.7,8,1
2015/11/23,12.2,8,1,13.2,8,1,11.0,8,1
2015/11/24,14.3,8,1,18.7,8,1,11.4,8,1
2015/11/25,8.7,8,1,12.0,8,1,5.5,8,1
2015/11/26,8.7,8,1,11.5,8,1,5.4,8,1
2015/11/27,9.9,8,1,14.7,8,1,6.2,8,1
2015/11/28,9.4,8,1,15.7,8,1,3.9,8,1
2015/11/29,10.4,8,1,14.5,8,1,6.1,8,1
2015/11/30,10.0,8,1,14.3,8,1,6.5,8,1
2015/12/1,10.8,8,1,16.2,8,1,5.6,8,1
2015/12/2,9.5,8,1,11.3,8,1,8.0,8,1
2015/12/3,10.5,8,1,13.5,8,1,8.5,8,1
2015/12/4,9.9,8,1,14.2,8,1,5.4,8,1
2015/12/5,9.8,8,1,16.1,8,1,4.4,8,1
2015/12/6,10.6,8,1,13.1,8,1,6.8,8,1
2015/12/7,9.2,8,1,12.6,8,1,5.7,8,1
2015/12/8,8.0,8,1,11.3,8,1,5.7,8,1
2015/12/9,7.5,8,1,12.7,8,1,2.8,8,1
2015/12/10,8.8,8,1,12.8,8,1,4.7,8,1
2015/12/11,14.7,8,1,24.1,8,1,6.9,8,1
2015/12/12,12.6,8,1,15.6,8,1,10.1,8,1
2015/12/13,10.2,8,1,11.0,8,1,9.5,8,1
2015/12/14,11.6,8,1,13.9,8,1,10.2,8,1
2015/12/15,11.5,8,1,14.9,8,1,9.6,8,1
2015/12/16,12.9,8,1,17.4,8,1,8.0,8,1
2015/12/17,10.1,8,1,13.4,8,1,6.2,8,1
2015/12/18,7.8,8,1,11.8,8,1,3.2,8,1
2015/12/19,7.1,8,1,12.1,8,1,3.1,8,1
2015/12/20,6.9,8,1,11.1,8,1,2.1,8,1
2015/12/21,8.8,8,1,13.3,8,1,5.6,8,1
2015/12/22,11.0,8,1,15.9,8,1,7.3,8,1
2015/12/23,6.8,8,1,8.6,8,1,5.5,8,1
2015/12/24,10.3,8,1,15.4,8,1,5.5,8,1
2015/12/25,10.9,8,1,15.0,8,1,7.6,8,1
2015/12/26,8.5,8,1,12.5,8,1,5.8,8,1
2015/12/27,7.3,8,1,10.5,8,1,3.7,8,1
2015/12/28,6.0,8,1,10.6,8,1,2.6,8,1
2015/12/29,6.3,8,1,11.5,8,1,1.9,8,1
2015/12/30,7.2,8,1,11.0,8,1,4.0,8,1
2015/12/31,6.6,8,1,11.0,8,1,3.2,8,1
2016/1/1,7.5,8,1,12.1,8,1,3.6,8,1
2016/1/2,7.3,8,1,13.4,8,1,2.6,8,1
2016/1/3,9.3,8,1,16.2,8,1,3.0,8,1
2016/1/4,9.2,8,1,15.2,8,1,4.4,8,1
2016/1/5,10.9,8,1,15.4,8,1,5.1,8,1
2016/1/6,8.9,8,1,11.3,8,1,7.1,8,1
2016/1/7,8.7,8,1,12.9,8,1,4.5,8,1
2016/1/8,6.8,8,1,10.9,8,1,3.1,8,1
2016/1/9,7.3,8,1,11.6,8,1,2.8,8,1
2016/1/10,7.9,8,1,12.9,8,1,2.4,8,1
2016/1/11,7.1,8,1,10.5,8,1,3.8,8,1
2016/1/12,3.4,8,1,6.1,8,1,0.9,8,1
2016/1/13,4.3,8,1,9.7,8,1,-0.9,8,1
2016/1/14,6.0,8,1,11.4,8,1,0.2,8,1
2016/1/15,5.6,8,1,10.9,8,1,2.0,8,1
2016/1/16,6.5,8,1,11.8,8,1,1.8,8,1
2016/1/17,5.8,8,1,8.6,8,1,2.3,8,1
2016/1/18,2.8,8,1,6.2,8,1,0.2,8,1
2016/1/19,5.1,8,1,8.6,8,1,0.9,8,1
2016/1/20,4.1,8,1,9.1,8,1,-0.7,8,1
2016/1/21,5.4,8,1,9.5,8,1,1.0,8,1
2016/1/22,5.8,8,1,10.3,8,1,3.0,8,1
2016/1/23,3.9,8,1,6.4,8,1,2.6,8,1
2016/1/24,3.3,8,1,9.2,8,1,-1.2,8,1
2016/1/25,2.9,8,1,8.4,8,1,-2.6,8,1
2016/1/26,3.8,8,1,9.6,8,1,-1.3,8,1
2016/1/27,6.3,8,1,13.4,8,1,-1.1,8,1
2016/1/28,7.8,8,1,14.0,8,1,2.1,8,1
2016/1/29,5.4,8,1,7.8,8,1,2.6,8,1
2016/1/30,3.3,8,1,5.0,8,1,1.5,8,1
2016/1/31,6.1,8,1,11.2,8,1,1.3,8,1
2016/2/1,4.7,8,1,6.7,8,1,2.6,8,1
2016/2/2,6.0,8,1,10.7,8,1,2.6,8,1
2016/2/3,5.0,8,1,9.2,8,1,1.5,8,1
2016/2/4,5.1,8,1,9.5,8,1,1.1,8,1
2016/2/5,7.5,8,1,13.3,8,1,0.6,8,1
2016/2/6,6.7,8,1,9.9,8,1,4.4,8,1
2016/2/7,5.0,8,1,9.4,8,1,1.5,8,1
2016/2/8,4.4,8,1,9.3,8,1,1.3,8,1
2016/2/9,6.6,8,1,14.7,8,1,0.6,8,1
2016/2/10,6.0,8,1,10.8,8,1,1.6,8,1
2016/2/11,6.0,8,1,11.5,8,1,1.7,8,1
2016/2/12,7.2,8,1,11.9,8,1,1.5,8,1
2016/2/13,14.0,8,1,21.8,8,1,8.3,8,1
2016/2/14,18.5,8,1,23.0,8,1,15.1,8,1
2016/2/15,8.1,8,1,15.5,8,1,3.2,8,1
2016/2/16,5.6,8,1,10.0,8,1,1.2,8,1
2016/2/17,6.2,8,1,13.4,8,1,1.3,8,1
2016/2/18,6.2,8,1,10.7,8,1,1.1,8,1
2016/2/19,9.7,8,1,16.5,8,1,2.4,8,1
2016/2/20,8.0,8,1,11.2,8,1,6.5,8,1
2016/2/21,9.5,8,1,15.7,8,1,6.2,8,1
2016/2/22,6.7,8,1,9.8,8,1,4.9,8,1
2016/2/23,6.7,8,1,10.0,8,1,4.9,8,1
2016/2/24,5.8,8,1,7.7,8,1,2.5,8,1
2016/2/25,3.8,8,1,8.4,8,1,0.4,8,1
2016/2/26,5.8,8,1,11.4,8,1,0.1,8,1
2016/2/27,7.8,8,1,12.5,8,1,2.7,8,1
2016/2/28,8.7,8,1,15.0,8,1,3.7,8,1
2016/2/29,8.3,8,1,14.8,8,1,4.8,8,1
2016/3/1,5.2,8,1,10.3,8,1,2.1,8,1
2016/3/2,6.3,8,1,12.4,8,1,1.1,8,1
2016/3/3,9.2,8,1,16.4,8,1,2.3,8,1
2016/3/4,10.4,8,1,15.9,8,1,5.6,8,1
2016/3/5,10.7,8,1,16.3,8,1,7.7,8,1
2016/3/6,13.2,8,1,17.3,8,1,9.0,8,1
2016/3/7,14.1,8,1,15.5,8,1,12.8,8,1
2016/3/8,15.8,8,1,20.8,8,1,12.7,8,1
2016/3/9,8.7,8,1,14.9,8,1,3.8,8,1
2016/3/10,6.1,8,1,8.5,8,1,3.6,8,1
2016/3/11,4.6,8,1,6.1,8,1,3.0,8,1
2016/3/12,5.8,8,1,8.4,8,1,2.9,8,1
2016/3/13,6.7,8,1,9.2,8,1,3.9,8,1
2016/3/14,5.7,8,1,6.9,8,1,3.9,8,1
2016/3/15,8.1,8,1,14.1,8,1,4.0,8,1
2016/3/16,8.7,8,1,13.9,8,1,2.9,8,1
2016/3/17,13.1,8,1,20.4,8,1,6.4,8,1
2016/3/18,14.8,8,1,21.4,8,1,7.6,8,1
2016/3/19,14.9,8,1,16.7,8,1,13.6,8,1
2016/3/20,13.4,8,1,19.0,8,1,8.3,8,1
2016/3/21,9.5,8,1,13.8,8,1,6.9,8,1
2016/3/22,11.0,8,1,17.5,8,1,5.4,8,1
2016/3/23,11.5,8,1,18.0,8,1,7.5,8,1
2016/3/24,6.3,8,1,9.5,8,1,4.1,8,1
2016/3/25,8.1,8,1,14.4,8,1,2.5,8,1
2016/3/26,8.0,8,1,12.5,8,1,5.1,8,1
2016/3/27,10.4,8,1,16.1,8,1,6.0,8,1
2016/3/28,11.3,8,1,16.8,8,1,9.0,8,1
2016/3/29,13.0,8,1,18.6,8,1,7.4,8,1
2016/3/30,14.9,8,1,20.0,8,1,9.4,8,1
2016/3/31,14.9,8,1,20.2,8,1,8.9,8,1
2016/4/1,12.8,8,1,18.4,8,1,8.1,8,1
2016/4/2,10.5,8,1,13.3,8,1,7.7,8,1
2016/4/3,13.1,8,1,17.0,8,1,9.5,8,1
2016/4/4,15.6,8,1,21.9,8,1,9.7,8,1
2016/4/5,10.8,8,1,12.8,8,1,9.1,8,1
2016/4/6,14.6,8,1,20.2,8,1,7.3,8,1
2016/4/7,13.8,8,1,20.1,8,1,11.8,8,1
2016/4/8,16.1,8,1,22.9,8,1,11.5,8,1
2016/4/9,17.1,8,1,23.5,8,1,10.9,8,1
2016/4/10,17.2,8,1,23.9,8,1,12.2,8,1
2016/4/11,11.6,8,1,17.1,8,1,7.4,8,1
2016/4/12,10.5,8,1,15.1,8,1,5.1,8,1
2016/4/13,14.4,8,1,19.0,8,1,10.6,8,1
2016/4/14,15.0,8,1,17.6,8,1,13.1,8,1
2016/4/15,16.3,8,1,21.4,8,1,11.0,8,1
2016/4/16,15.8,8,1,20.9,8,1,10.1,8,1
2016/4/17,19.2,8,1,23.1,8,1,16.6,8,1
2016/4/18,18.9,8,1,26.8,8,1,13.8,8,1
2016/4/19,16.2,8,1,21.9,8,1,12.0,8,1
2016/4/20,14.9,8,1,19.3,8,1,9.8,8,1
2016/4/21,16.5,8,1,20.2,8,1,13.3,8,1
2016/4/22,17.3,8,1,23.7,8,1,13.2,8,1
2016/4/23,17.9,8,1,22.4,8,1,14.0,8,1
2016/4/24,15.7,8,1,19.1,8,1,12.1,8,1
2016/4/25,18.1,8,1,23.1,8,1,13.5,8,1
2016/4/26,19.2,8,1,25.1,8,1,14.2,8,1
2016/4/27,18.1,8,1,21.8,8,1,15.2,8,1
2016/4/28,14.4,8,1,15.4,8,1,13.3,8,1
2016/4/29,15.8,8,1,21.4,8,1,11.4,8,1
2016/4/30,16.0,8,1,21.7,8,1,10.5,8,1
2016/5/1,18.2,8,1,25.0,8,1,11.9,8,1
2016/5/2,17.4,8,1,21.4,8,1,13.2,8,1
2016/5/3,20.4,8,1,24.7,8,1,17.1,8,1
2016/5/4,22.1,8,1,27.0,8,1,18.7,8,1
2016/5/5,22.1,8,1,27.4,8,1,17.1,8,1
2016/5/6,18.1,8,1,22.5,8,1,15.2,8,1
2016/5/7,21.2,8,1,26.4,8,1,15.4,8,1
2016/5/8,21.3,8,1,27.0,8,1,17.2,8,1
2016/5/9,18.5,8,1,21.8,8,1,16.2,8,1
2016/5/10,18.4,8,1,22.6,8,1,16.1,8,1
2016/5/11,21.4,8,1,27.1,8,1,16.0,8,1
2016/5/12,21.7,8,1,28.0,8,1,17.5,8,1
2016/5/13,21.2,8,1,26.5,8,1,16.5,8,1
2016/5/14,19.8,8,1,24.8,8,1,14.4,8,1
2016/5/15,17.6,8,1,23.7,8,1,12.5,8,1
2016/5/16,19.0,8,1,23.3,8,1,14.2,8,1
2016/5/17,18.3,8,1,20.5,8,1,14.9,8,1
2016/5/18,20.0,8,1,27.6,8,1,13.1,8,1
2016/5/19,19.3,8,1,25.1,8,1,14.8,8,1
2016/5/20,17.2,8,1,20.8,8,1,14.4,8,1
2016/5/21,19.1,8,1,26.3,8,1,12.8,8,1
2016/5/22,22.4,8,1,29.3,8,1,16.9,8,1
2016/5/23,23.5,8,1,30.9,8,1,15.1,8,1
2016/5/24,23.4,8,1,29.3,8,1,18.0,8,1
2016/5/25,22.2,8,1,24.5,8,1,20.5,8,1
2016/5/26,23.0,8,1,27.2,8,1,20.3,8,1
2016/5/27,19.4,8,1,22.4,8,1,15.2,8,1
2016/5/28,19.3,8,1,24.1,8,1,15.1,8,1
2016/5/29,21.7,8,1,27.9,8,1,16.1,8,1
2016/5/30,17.4,8,1,21.3,8,1,15.4,8,1
2016/5/31,20.4,8,1,24.9,8,1,16.3,8,1
2016/6/1,21.5,8,1,26.4,8,1,18.0,8,1
2016/6/2,20.7,8,1,26.0,8,1,16.3,8,1
2016/6/3,19.4,8,1,24.2,8,1,14.2,8,1
2016/6/4,21.7,8,1,27.2,8,1,16.3,8,1
2016/6/5,19.3,8,1,23.4,8,1,16.4,8,1
2016/6/6,20.0,8,1,23.9,8,1,16.3,8,1
2016/6/7,19.6,8,1,20.9,8,1,18.4,8,1
2016/6/8,21.9,8,1,27.3,8,1,16.5,8,1
2016/6/9,21.2,8,1,23.7,8,1,19.6,8,1
2016/6/10,23.5,8,1,28.8,8,1,19.4,8,1
2016/6/11,23.5,8,1,29.1,8,1,17.9,8,1
2016/6/12,23.9,8,1,28.3,8,1,20.4,8,1
2016/6/13,19.8,8,1,22.7,8,1,18.3,8,1
2016/6/14,22.2,8,1,26.2,8,1,18.4,8,1
2016/6/15,20.8,8,1,22.2,8,1,19.6,8,1
2016/6/16,22.1,8,1,24.4,8,1,19.7,8,1
2016/6/17,24.2,8,1,29.2,8,1,19.4,8,1
2016/6/18,26.7,8,1,33.0,8,1,21.1,8,1
2016/6/19,24.3,8,1,29.3,8,1,21.4,8,1
2016/6/20,24.3,8,1,28.8,8,1,20.4,8,1
2016/6/21,22.7,8,1,25.7,8,1,21.2,8,1
2016/6/22,22.7,8,1,23.9,8,1,21.1,8,1
2016/6/23,23.0,8,1,26.9,8,1,21.4,8,1
2016/6/24,22.7,8,1,25.3,8,1,20.9,8,1
2016/6/25,25.4,8,1,28.7,8,1,21.9,8,1
2016/6/26,25.5,8,1,30.0,8,1,21.5,8,1
2016/6/27,24.4,8,1,28.9,8,1,20.9,8,1
2016/6/28,19.1,8,1,22.8,8,1,17.1,8,1
2016/6/29,21.5,8,1,24.2,8,1,19.1,8,1
2016/6/30,23.0,8,1,27.1,8,1,20.1,8,1
2016/7/1,25.6,8,1,30.6,8,1,22.0,8,1
2016/7/2,27.0,8,1,31.8,8,1,23.4,8,1
2016/7/3,29.2,8,1,35.4,8,1,24.6,8,1
2016/7/4,27.8,8,1,33.8,8,1,23.6,8,1
2016/7/5,21.7,8,1,25.6,8,1,20.2,8,1
2016/7/6,23.1,8,1,26.9,8,1,20.5,8,1
2016/7/7,27.4,8,1,36.7,8,1,21.9,8,1
2016/7/8,25.3,8,1,29.8,8,1,22.1,8,1
2016/7/9,22.4,8,1,24.9,8,1,20.3,8,1
2016/7/10,25.6,8,1,31.3,8,1,20.2,8,1
2016/7/11,28.0,8,1,33.5,8,1,22.3,8,1
2016/7/12,27.1,8,1,31.8,8,1,24.6,8,1
2016/7/13,25.1,8,1,27.6,8,1,23.5,8,1
2016/7/14,25.9,8,1,32.9,8,1,21.3,8,1
2016/7/15,22.2,8,1,24.0,8,1,21.0,8,1
2016/7/16,24.1,8,1,27.7,8,1,20.1,8,1
2016/7/17,25.9,8,1,28.8,8,1,23.6,8,1
2016/7/18,28.7,8,1,33.5,8,1,25.0,8,1
2016/7/19,27.3,8,1,32.3,8,1,23.7,8,1
2016/7/20,26.3,8,1,29.9,8,1,23.3,8,1
2016/7/21,21.8,8,1,24.3,8,1,20.9,8,1
2016/7/22,21.4,8,1,22.7,8,1,20.4,8,1
2016/7/23,22.4,8,1,27.1,8,1,19.8,8,1
2016/7/24,23.9,8,1,29.0,8,1,19.0,8,1
2016/7/25,24.7,8,1,27.9,8,1,21.1,8,1
2016/7/26,23.8,8,1,27.4,8,1,21.4,8,1
2016/7/27,24.5,8,1,27.3,8,1,22.4,8,1
2016/7/28,26.5,8,1,31.1,8,1,23.3,8,1
2016/7/29,27.2,8,1,32.4,8,1,22.9,8,1
2016/7/30,27.2,8,1,32.9,8,1,22.1,8,1
2016/7/31,27.5,8,1,30.8,8,1,24.4,8,1
2016/8/1,27.4,8,1,31.5,8,1,24.6,8,1
2016/8/2,25.9,8,1,29.4,8,1,22.5,8,1
2016/8/3,26.8,8,1,32.0,8,1,23.4,8,1
2016/8/4,28.1,8,1,33.0,8,1,24.4,8,1
2016/8/5,28.7,8,1,33.4,8,1,24.6,8,1
2016/8/6,29.1,8,1,34.2,8,1,25.8,8,1
2016/8/7,28.6,8,1,33.6,8,1,24.5,8,1
2016/8/8,28.5,8,1,33.2,8,1,25.3,8,1
2016/8/9,31.9,8,1,37.7,8,1,25.7,8,1
2016/8/10,29.1,8,1,34.0,8,1,26.0,8,1
2016/8/11,27.3,8,1,32.1,8,1,25.2,8,1
2016/8/12,26.7,8,1,31.9,8,1,24.2,8,1
2016/8/13,26.5,8,1,31.8,8,1,23.3,8,1
2016/8/14,26.0,8,1,30.4,8,1,23.5,8,1
2016/8/15,26.6,8,1,30.8,8,1,24.4,8,1
2016/8/16,26.9,8,1,33.1,8,1,23.7,8,1
2016/8/17,28.7,8,1,34.3,8,1,23.0,8,1
2016/8/18,26.9,8,1,31.6,8,1,25.2,8,1
2016/8/19,27.6,8,1,32.3,8,1,25.0,8,1
2016/8/20,25.7,8,1,30.0,8,1,24.1,8,1
2016/8/21,27.9,8,1,33.5,8,1,23.5,8,1
2016/8/22,25.7,8,1,28.3,8,1,23.2,8,1
2016/8/23,26.8,8,1,30.4,8,1,24.2,8,1
2016/8/24,26.5,8,1,31.2,8,1,23.5,8,1
2016/8/25,28.0,8,1,32.7,8,1,23.5,8,1
2016/8/26,28.3,8,1,32.8,8,1,24.0,8,1
2016/8/27,24.3,8,1,27.0,8,1,21.6,8,1
2016/8/28,22.6,8,1,24.6,8,1,21.3,8,1
2016/8/29,25.6,8,1,30.1,8,1,22.1,8,1
2016/8/30,25.1,8,1,28.1,8,1,22.5,8,1
2016/8/31,26.8,8,1,31.1,8,1,22.5,8,1
2016/9/1,27.0,8,1,32.5,8,1,22.0,8,1
2016/9/2,26.7,8,1,29.8,8,1,23.0,8,1
2016/9/3,27.2,8,1,32.5,8,1,24.6,8,1
2016/9/4,26.7,8,1,31.9,8,1,24.0,8,1
2016/9/5,28.4,8,1,33.0,8,1,24.8,8,1
2016/9/6,28.8,8,1,32.4,8,1,25.9,8,1
2016/9/7,27.1,8,1,30.3,8,1,25.4,8,1
2016/9/8,26.4,8,1,30.4,8,1,24.7,8,1
2016/9/9,27.0,8,1,32.5,8,1,22.6,8,1
2016/9/10,26.6,8,1,31.2,8,1,23.3,8,1
2016/9/11,23.2,8,1,25.1,8,1,20.8,8,1
2016/9/12,24.7,8,1,27.7,8,1,22.5,8,1
2016/9/13,22.6,8,1,23.9,8,1,21.4,8,1
2016/9/14,23.1,8,1,26.6,8,1,20.6,8,1
2016/9/15,24.1,8,1,26.4,8,1,22.2,8,1
2016/9/16,22.9,8,1,24.4,8,1,21.9,8,1
2016/9/17,25.3,8,1,29.4,8,1,21.6,8,1
2016/9/18,24.6,8,1,26.9,8,1,22.2,8,1
2016/9/19,21.3,8,1,22.9,8,1,19.2,8,1
2016/9/20,19.1,8,1,20.1,8,1,17.6,8,1
2016/9/21,20.1,8,1,23.2,8,1,17.6,8,1
2016/9/22,19.4,8,1,20.9,8,1,18.1,8,1
2016/9/23,20.8,8,1,22.1,8,1,19.4,8,1
2016/9/24,21.8,8,1,23.9,8,1,20.8,8,1
2016/9/25,23.6,8,1,28.4,8,1,20.3,8,1
2016/9/26,25.4,8,1,30.1,8,1,21.9,8,1
2016/9/27,25.6,8,1,29.8,8,1,22.8,8,1
2016/9/28,26.5,8,1,30.6,8,1,24.0,8,1
2016/9/29,24.6,8,1,27.9,8,1,21.7,8,1
2016/9/30,21.4,8,1,24.7,8,1,18.8,8,1
2016/10/1,19.7,8,1,21.8,8,1,17.6,8,1
2016/10/2,23.1,8,1,27.6,8,1,18.6,8,1
2016/10/3,22.7,8,1,26.5,8,1,20.1,8,1
2016/10/4,24.9,8,1,32.0,8,1,19.7,8,1
2016/10/5,24.0,8,1,26.4,8,1,21.5,8,1
2016/10/6,26.0,8,1,31.3,8,1,21.4,8,1
2016/10/7,21.4,8,1,24.9,8,1,19.0,8,1
2016/10/8,21.2,8,1,25.3,8,1,18.2,8,1
2016/10/9,22.3,8,1,25.7,8,1,18.6,8,1
2016/10/10,18.4,8,1,19.6,8,1,17.4,8,1
2016/10/11,17.6,8,1,20.1,8,1,16.2,8,1
2016/10/12,17.9,8,1,23.2,8,1,13.7,8,1
2016/10/13,16.5,8,1,18.2,8,1,15.3,8,1
2016/10/14,15.6,8,1,19.5,8,1,12.6,8,1
2016/10/15,16.7,8,1,22.7,8,1,11.8,8,1
2016/10/16,17.4,8,1,22.9,8,1,12.7,8,1
2016/10/17,17.5,8,1,19.5,8,1,15.7,8,1
2016/10/18,20.9,8,1,26.3,8,1,16.7,8,1
2016/10/19,20.8,8,1,23.9,8,1,18.4,8,1
2016/10/20,21.9,8,1,27.7,8,1,17.0,8,1
2016/10/21,18.2,8,1,21.4,8,1,15.4,8,1
2016/10/22,16.7,8,1,18.3,8,1,14.7,8,1
2016/10/23,18.1,8,1,22.3,8,1,14.7,8,1
2016/10/24,14.9,8,1,19.1,8,1,11.9,8,1
2016/10/25,14.0,8,1,17.2,8,1,10.0,8,1
2016/10/26,19.1,8,1,25.7,8,1,12.6,8,1
2016/10/27,19.0,8,1,23.3,8,1,13.2,8,1
2016/10/28,12.2,8,1,14.8,8,1,10.1,8,1
2016/10/29,15.5,8,1,20.8,8,1,11.6,8,1
2016/10/30,11.9,8,1,13.5,8,1,9.6,8,1
2016/10/31,14.3,8,1,19.1,8,1,9.8,8,1
2016/11/1,13.4,8,1,16.4,8,1,11.7,8,1
2016/11/2,10.9,8,1,12.2,8,1,8.6,8,1
2016/11/3,12.9,8,1,19.4,8,1,8.4,8,1
2016/11/4,14.0,8,1,18.8,8,1,8.5,8,1
2016/11/5,14.6,8,1,19.5,8,1,11.2,8,1
2016/11/6,14.8,8,1,20.8,8,1,9.9,8,1
2016/11/7,11.0,8,1,14.4,8,1,8.2,8,1
2016/11/8,9.9,8,1,13.6,8,1,6.1,8,1
2016/11/9,10.4,8,1,14.6,8,1,7.9,8,1
2016/11/10,9.6,8,1,13.0,8,1,7.6,8,1
2016/11/11,9.0,8,1,12.1,8,1,5.7,8,1
2016/11/12,13.6,8,1,18.8,8,1,10.0,8,1
2016/11/13,13.6,8,1,18.6,8,1,9.1,8,1
2016/11/14,13.7,8,1,16.7,8,1,11.5,8,1
2016/11/15,15.3,8,1,19.3,8,1,12.7,8,1
2016/11/16,12.5,8,1,14.8,8,1,10.7,8,1
2016/11/17,12.6,8,1,18.3,8,1,7.8,8,1
2016/11/18,11.3,8,1,15.7,8,1,6.1,8,1
2016/11/19,9.8,8,1,12.0,8,1,7.9,8,1
2016/11/20,13.6,8,1,20.4,8,1,8.9,8,1
2016/11/21,12.6,8,1,14.7,8,1,10.2,8,1
2016/11/22,14.0,8,1,19.3,8,1,10.3,8,1
2016/11/23,11.4,8,1,14.7,8,1,8.5,8,1
2016/11/24,2.8,8,1,8.6,8,1,0.9,8,1
2016/11/25,5.6,8,1,10.8,8,1,0.3,8,1
2016/11/26,8.3,8,1,13.1,8,1,3.2,8,1
2016/11/27,10.6,8,1,13.8,8,1,8.6,8,1
2016/11/28,11.1,8,1,14.0,8,1,9.4,8,1
2016/11/29,10.5,8,1,14.3,8,1,7.5,8,1
2016/11/30,8.8,8,1,11.8,8,1,4.8,8,1
2016/12/1,10.0,8,1,16.5,8,1,5.9,8,1
2016/12/2,11.5,8,1,15.5,8,1,8.7,8,1
2016/12/3,10.8,8,1,15.9,8,1,5.7,8,1
2016/12/4,11.6,8,1,16.0,8,1,7.3,8,1
2016/12/5,12.7,8,1,18.3,8,1,8.1,8,1
2016/12/6,10.8,8,1,17.1,8,1,7.0,8,1
2016/12/7,7.5,8,1,11.2,8,1,4.9,8,1
2016/12/8,8.6,8,1,13.9,8,1,3.0,8,1
2016/12/9,11.1,8,1,17.4,8,1,3.8,8,1
2016/12/10,8.5,8,1,12.2,8,1,5.6,8,1
2016/12/11,6.8,8,1,10.9,8,1,3.5,8,1
2016/12/12,7.0,8,1,10.5,8,1,2.6,8,1
2016/12/13,9.4,8,1,15.3,8,1,3.4,8,1
2016/12/14,8.1,8,1,11.3,8,1,5.3,8,1
2016/12/15,6.2,8,1,10.1,8,1,3.1,8,1
2016/12/16,4.8,8,1,9.8,8,1,1.5,8,1
2016/12/17,6.7,8,1,13.1,8,1,0.0,8,1
2016/12/18,8.2,8,1,14.9,8,1,3.2,8,1
2016/12/19,10.0,8,1,15.7,8,1,4.7,8,1
2016/12/20,9.6,8,1,14.5,8,1,5.9,8,1
2016/12/21,10.5,8,1,17.0,8,1,5.2,8,1
2016/12/22,14.6,8,1,20.2,8,1,6.6,8,1
2016/12/23,14.0,8,1,19.6,8,1,8.5,8,1
2016/12/24,8.6,8,1,11.9,8,1,5.4,8,1
2016/12/25,6.6,8,1,10.5,8,1,4.5,8,1
2016/12/26,6.9,8,1,11.0,8,1,3.8,8,1
2016/12/27,11.1,8,1,18.8,8,1,5.5,8,1
2016/12/28,6.0,8,1,9.4,8,1,2.0,8,1
2016/12/29,4.3,8,1,8.0,8,1,0.7,8,1
2016/12/30,6.0,8,1,10.2,8,1,2.6,8,1
2016/12/31,6.3,8,1,11.8,8,1,1.5,8,1
2017/1/1,7.4,8,1,13.8,8,1,2.0,8,1
2017/1/2,7.2,8,1,13.3,8,1,3.8,8,1
2017/1/3,8.0,8,1,13.7,8,1,3.5,8,1
2017/1/4,8.5,8,1,14.0,8,1,3.6,8,1
2017/1/5,6.7,8,1,10.4,8,1,3.7,8,1
2017/1/6,4.5,8,1,8.8,8,1,1.5,8,1
2017/1/7,4.1,8,1,8.7,8,1,0.1,8,1
2017/1/8,3.9,8,1,6.0,8,1,1.6,8,1
2017/1/9,7.2,8,1,11.1,8,1,3.8,8,1
2017/1/10,8.1,8,1,12.7,8,1,3.5,8,1
2017/1/11,6.9,8,1,11.0,8,1,3.9,8,1
2017/1/12,6.0,8,1,12.1,8,1,0.7,8,1
2017/1/13,6.2,8,1,12.7,8,1,1.4,8,1
2017/1/14,2.4,8,1,6.3,8,1,-1.3,8,1
2017/1/15,0.7,8,1,4.7,8,1,-2.3,8,1
2017/1/16,3.2,8,1,8.0,8,1,-2.0,8,1
2017/1/17,5.4,8,1,10.9,8,1,0.7,8,1
2017/1/18,5.8,8,1,10.3,8,1,1.1,8,1
2017/1/19,6.4,8,1,10.9,8,1,2.4,8,1
2017/1/20,3.0,8,1,3.8,8,1,2.2,8,1
2017/1/21,5.9,8,1,11.0,8,1,1.2,8,1
2017/1/22,6.0,8,1,12.9,8,1,0.9,8,1
2017/1/23,4.0,8,1,7.9,8,1,0.2,8,1
2017/1/24,2.5,8,1,7.7,8,1,-1.9,8,1
2017/1/25,3.9,8,1,9.5,8,1,-1.2,8,1
2017/1/26,4.6,8,1,10.7,8,1,-1.4,8,1
2017/1/27,8.8,8,1,16.0,8,1,1.4,8,1
2017/1/28,8.4,8,1,13.6,8,1,4.6,8,1
2017/1/29,8.0,8,1,12.0,8,1,4.8,8,1
2017/1/30,11.2,8,1,19.5,8,1,6.7,8,1
2017/1/31,5.9,8,1,10.0,8,1,2.8,8,1
2017/2/1,6.0,8,1,10.6,8,1,2.2,8,1
2017/2/2,4.5,8,1,9.7,8,1,0.9,8,1
2017/2/3,7.4,8,1,13.7,8,1,1.0,8,1
2017/2/4,8.2,8,1,13.4,8,1,4.4,8,1
2017/2/5,7.2,8,1,9.9,8,1,3.4,8,1
2017/2/6,8.7,8,1,15.7,8,1,3.3,8,1
2017/2/7,5.6,8,1,10.0,8,1,2.2,8,1
2017/2/8,6.3,8,1,11.0,8,1,1.9,8,1
2017/2/9,2.4,8,1,5.4,8,1,1.0,8,1
2017/2/10,4.3,8,1,9.3,8,1,1.5,8,1
2017/2/11,4.1,8,1,10.1,8,1,-1.6,8,1
2017/2/12,5.0,8,1,11.2,8,1,-0.4,8,1
2017/2/13,6.3,8,1,11.8,8,1,1.0,8,1
2017/2/14,6.1,8,1,11.8,8,1,2.1,8,1
2017/2/15,6.5,8,1,12.8,8,1,1.2,8,1
2017/2/16,7.3,8,1,13.7,8,1,1.3,8,1
2017/2/17,13.2,8,1,20.6,8,1,4.8,8,1
2017/2/18,8.1,8,1,10.7,8,1,6.4,8,1
2017/2/19,6.2,8,1,11.5,8,1,1.6,8,1
2017/2/20,9.9,8,1,19.7,8,1,1.8,8,1
2017/2/21,6.1,8,1,9.9,8,1,3.6,8,1
2017/2/22,7.0,8,1,10.6,8,1,1.1,8,1
2017/2/23,12.4,8,1,16.3,8,1,8.4,8,1
2017/2/24,7.4,8,1,11.3,8,1,5.2,8,1
2017/2/25,7.5,8,1,12.7,8,1,3.5,8,1
2017/2/26,8.6,8,1,14.2,8,1,3.3,8,1
2017/2/27,6.2,8,1,9.7,8,1,4.3,8,1
2017/2/28,5.5,8,1,10.1,8,1,3.2,8,1
2017/3/1,6.4,8,1,11.1,8,1,1.4,8,1
2017/3/2,6.8,8,1,8.7,8,1,5.4,8,1
2017/3/3,8.7,8,1,16.0,8,1,3.7,8,1
2017/3/4,8.7,8,1,14.6,8,1,3.0,8,1
2017/3/5,10.4,8,1,15.9,8,1,4.9,8,1
2017/3/6,9.3,8,1,11.5,8,1,7.6,8,1
2017/3/7,6.6,8,1,10.9,8,1,2.3,8,1
2017/3/8,5.5,8,1,11.8,8,1,0.0,8,1
2017/3/9,7.5,8,1,13.0,8,1,1.3,8,1
2017/3/10,8.6,8,1,14.8,8,1,3.2,8,1
2017/3/11,7.9,8,1,13.2,8,1,4.3,8,1
2017/3/12,7.6,8,1,12.2,8,1,3.1,8,1
2017/3/13,8.8,8,1,12.8,8,1,6.0,8,1
2017/3/14,8.1,8,1,11.0,8,1,6.4,8,1
2017/3/15,5.4,8,1,7.5,8,1,4.0,8,1
2017/3/16,8.2,8,1,15.5,8,1,1.9,8,1
2017/3/17,9.5,8,1,15.2,8,1,3.8,8,1
2017/3/18,10.3,8,1,16.2,8,1,3.6,8,1
2017/3/19,12.2,8,1,18.6,8,1,5.1,8,1
2017/3/20,12.6,8,1,18.7,8,1,7.0,8,1
2017/3/21,9.1,8,1,12.9,8,1,6.8,8,1
2017/3/22,9.8,8,1,15.0,8,1,5.7,8,1
2017/3/23,9.7,8,1,15.7,8,1,4.3,8,1
2017/3/24,8.5,8,1,13.9,8,1,4.6,8,1
2017/3/25,7.8,8,1,12.7,8,1,3.4,8,1
2017/3/26,5.9,8,1,8.1,8,1,4.8,8,1
2017/3/27,5.0,8,1,8.3,8,1,2.4,8,1
2017/3/28,8.6,8,1,14.9,8,1,3.2,8,1
2017/3/29,9.1,8,1,14.7,8,1,4.3,8,1
2017/3/30,11.9,8,1,17.8,8,1,6.3,8,1
2017/3/31,8.8,8,1,12.3,8,1,4.9,8,1
2017/4/1,6.3,8,1,8.9,8,1,4.6,8,1
2017/4/2,8.7,8,1,14.2,8,1,4.6,8,1
2017/4/3,9.9,8,1,16.1,8,1,6.4,8,1
2017/4/4,11.2,8,1,17.3,8,1,4.5,8,1
2017/4/5,14.7,8,1,20.7,8,1,7.7,8,1
2017/4/6,16.7,8,1,21.2,8,1,12.9,8,1
2017/4/7,17.5,8,1,21.6,8,1,15.5,8,1
2017/4/8,15.3,8,1,17.7,8,1,12.6,8,1
2017/4/9,13.8,8,1,15.2,8,1,11.1,8,1
2017/4/10,10.4,8,1,15.7,8,1,6.9,8,1
2017/4/11,8.5,8,1,10.7,8,1,6.4,8,1
2017/4/12,14.3,8,1,21.6,8,1,8.3,8,1
2017/4/13,12.3,8,1,17.6,8,1,6.7,8,1
2017/4/14,15.0,8,1,21.5,8,1,7.4,8,1
2017/4/15,18.6,8,1,24.2,8,1,14.2,8,1
2017/4/16,18.9,8,1,26.1,8,1,12.0,8,1
2017/4/17,18.3,8,1,26.1,8,1,13.8,8,1
2017/4/18,20.0,8,1,25.7,8,1,14.1,8,1
2017/4/19,18.0,8,1,26.1,8,1,12.7,8,1
2017/4/20,15.7,8,1,21.1,8,1,10.9,8,1
2017/4/21,15.6,8,1,19.2,8,1,13.0,8,1
2017/4/22,14.3,8,1,18.4,8,1,9.7,8,1
2017/4/23,13.6,8,1,20.3,8,1,8.8,8,1
2017/4/24,14.5,8,1,19.6,8,1,10.1,8,1
2017/4/25,16.0,8,1,21.0,8,1,12.0,8,1
2017/4/26,16.9,8,1,19.4,8,1,13.9,8,1
2017/4/27,14.7,8,1,19.4,8,1,12.1,8,1
2017/4/28,15.9,8,1,21.6,8,1,11.5,8,1
2017/4/29,16.2,8,1,23.4,8,1,10.2,8,1
2017/4/30,17.8,8,1,24.3,8,1,10.7,8,1
2017/5/1,17.7,8,1,26.0,8,1,13.6,8,1
2017/5/2,16.6,8,1,23.3,8,1,11.3,8,1
2017/5/3,17.1,8,1,22.4,8,1,12.3,8,1
2017/5/4,18.1,8,1,23.3,8,1,15.0,8,1
2017/5/5,19.6,8,1,25.6,8,1,14.6,8,1
2017/5/6,21.7,8,1,28.2,8,1,15.3,8,1
2017/5/7,19.9,8,1,24.3,8,1,13.8,8,1
2017/5/8,20.8,8,1,27.8,8,1,13.6,8,1
2017/5/9,19.1,8,1,21.9,8,1,16.3,8,1
2017/5/10,16.3,8,1,17.9,8,1,15.1,8,1
2017/5/11,21.0,8,1,27.4,8,1,14.8,8,1
2017/5/12,21.6,8,1,28.3,8,1,17.2,8,1
2017/5/13,17.8,8,1,20.1,8,1,16.1,8,1
2017/5/14,17.8,8,1,20.4,8,1,15.3,8,1
2017/5/15,17.7,8,1,22.6,8,1,15.4,8,1
2017/5/16,18.9,8,1,23.4,8,1,16.4,8,1
2017/5/17,17.2,8,1,19.7,8,1,14.8,8,1
2017/5/18,17.6,8,1,23.6,8,1,14.5,8,1
2017/5/19,20.0,8,1,26.3,8,1,14.6,8,1
2017/5/20,22.1,8,1,28.7,8,1,15.5,8,1
2017/5/21,23.8,8,1,30.9,8,1,17.6,8,1
2017/5/22,23.2,8,1,29.0,8,1,18.2,8,1
2017/5/23,22.5,8,1,27.4,8,1,19.0,8,1
2017/5/24,22.2,8,1,26.2,8,1,19.2,8,1
2017/5/25,20.9,8,1,24.0,8,1,18.0,8,1
2017/5/26,18.8,8,1,20.8,8,1,17.3,8,1
2017/5/27,20.9,8,1,27.3,8,1,18.0,8,1
2017/5/28,20.9,8,1,26.7,8,1,17.9,8,1
2017/5/29,21.5,8,1,26.9,8,1,17.0,8,1
2017/5/30,23.3,8,1,29.1,8,1,17.2,8,1
2017/5/31,23.6,8,1,27.5,8,1,20.7,8,1
2017/6/1,21.5,8,1,26.4,8,1,19.3,8,1
2017/6/2,23.0,8,1,29.1,8,1,18.3,8,1
2017/6/3,21.4,8,1,26.6,8,1,16.0,8,1
2017/6/4,21.0,8,1,26.7,8,1,16.7,8,1
2017/6/5,19.6,8,1,25.6,8,1,15.3,8,1
2017/6/6,19.6,8,1,24.2,8,1,15.4,8,1
2017/6/7,20.3,8,1,22.6,8,1,17.9,8,1
2017/6/8,22.0,8,1,25.8,8,1,19.2,8,1
2017/6/9,23.1,8,1,28.1,8,1,20.6,8,1
2017/6/10,24.6,8,1,30.6,8,1,20.0,8,1
2017/6/11,21.7,8,1,25.3,8,1,19.1,8,1
2017/6/12,20.5,8,1,26.3,8,1,16.6,8,1
2017/6/13,16.9,8,1,19.4,8,1,14.8,8,1
2017/6/14,19.3,8,1,24.6,8,1,15.2,8,1
2017/6/15,21.3,8,1,26.0,8,1,17.4,8,1
2017/6/16,22.4,8,1,29.0,8,1,17.5,8,1
2017/6/17,22.3,8,1,27.7,8,1,17.9,8,1
2017/6/18,19.5,8,1,22.5,8,1,17.7,8,1
2017/6/19,22.6,8,1,30.5,8,1,17.3,8,1
2017/6/20,22.7,8,1,28.0,8,1,16.5,8,1
2017/6/21,22.4,8,1,24.4,8,1,19.8,8,1
2017/6/22,24.0,8,1,27.9,8,1,20.0,8,1
2017/6/23,24.6,8,1,30.2,8,1,19.1,8,1
2017/6/24,24.6,8,1,29.0,8,1,21.9,8,1
2017/6/25,22.3,8,1,23.9,8,1,21.5,8,1
2017/6/26,23.1,8,1,25.9,8,1,20.3,8,1
2017/6/27,23.2,8,1,25.6,8,1,21.3,8,1
2017/6/28,22.4,8,1,25.0,8,1,20.2,8,1
2017/6/29,24.6,8,1,29.1,8,1,19.9,8,1
2017/6/30,23.8,8,1,25.7,8,1,22.1,8,1
2017/7/1,23.4,8,1,25.3,8,1,22.1,8,1
2017/7/2,25.7,8,1,32.0,8,1,20.9,8,1
2017/7/3,28.3,8,1,32.5,8,1,24.5,8,1
2017/7/4,26.8,8,1,29.9,8,1,23.5,8,1
2017/7/5,26.3,8,1,31.4,8,1,21.6,8,1
2017/7/6,26.2,8,1,30.7,8,1,23.2,8,1
2017/7/7,27.0,8,1,32.3,8,1,23.0,8,1
2017/7/8,27.9,8,1,33.7,8,1,22.8,8,1
2017/7/9,27.3,8,1,32.5,8,1,23.0,8,1
2017/7/10,27.4,8,1,32.1,8,1,23.0,8,1
2017/7/11,27.7,8,1,31.6,8,1,24.8,8,1
2017/7/12,28.9,8,1,33.1,8,1,25.6,8,1
2017/7/13,28.5,8,1,33.4,8,1,26.0,8,1
2017/7/14,28.2,8,1,32.4,8,1,25.4,8,1
2017/7/15,28.1,8,1,33.7,8,1,23.6,8,1
2017/7/16,28.9,8,1,34.9,8,1,25.1,8,1
2017/7/17,29.7,8,1,35.0,8,1,25.3,8,1
2017/7/18,26.3,8,1,32.7,8,1,22.7,8,1
2017/7/19,26.5,8,1,31.1,8,1,22.9,8,1
2017/7/20,28.2,8,1,32.3,8,1,24.9,8,1
2017/7/21,29.1,8,1,33.7,8,1,25.8,8,1
2017/7/22,28.7,8,1,32.5,8,1,25.8,8,1
2017/7/23,27.3,8,1,28.5,8,1,26.2,8,1
2017/7/24,29.1,8,1,32.9,8,1,26.7,8,1
2017/7/25,29.4,8,1,32.7,8,1,27.0,8,1
2017/7/26,24.6,8,1,28.2,8,1,23.2,8,1
2017/7/27,24.2,8,1,26.7,8,1,22.5,8,1
2017/7/28,26.8,8,1,32.3,8,1,22.5,8,1
2017/7/29,26.8,8,1,33.5,8,1,23.7,8,1
2017/7/30,25.6,8,1,29.2,8,1,23.3,8,1
2017/7/31,28.0,8,1,33.0,8,1,23.2,8,1
2017/8/1,26.3,8,1,31.0,8,1,22.7,8,1
2017/8/2,22.9,8,1,25.4,8,1,20.9,8,1
2017/8/3,24.3,8,1,28.9,8,1,20.2,8,1
2017/8/4,25.6,8,1,29.2,8,1,22.0,8,1
2017/8/5,27.8,8,1,31.9,8,1,24.6,8,1
2017/8/6,29.0,8,1,33.5,8,1,26.3,8,1
2017/8/7,28.7,8,1,33.2,8,1,25.9,8,1
2017/8/8,29.3,8,1,33.9,8,1,26.9,8,1
2017/8/9,30.0,8,1,37.1,8,1,25.9,8,1
2017/8/10,25.7,8,1,28.4,8,1,22.4,8,1
2017/8/11,22.9,8,1,24.8,8,1,21.7,8,1
2017/8/12,24.1,8,1,29.3,8,1,21.0,8,1
2017/8/13,26.9,8,1,31.2,8,1,23.1,8,1
2017/8/14,24.4,8,1,25.2,8,1,23.4,8,1
2017/8/15,23.7,8,1,26.3,8,1,22.4,8,1
2017/8/16,21.9,8,1,22.8,8,1,21.1,8,1
2017/8/17,24.2,8,1,28.2,8,1,20.9,8,1
2017/8/18,26.5,8,1,30.2,8,1,24.0,8,1
2017/8/19,26.0,8,1,30.3,8,1,22.4,8,1
2017/8/20,25.3,8,1,29.3,8,1,22.4,8,1
2017/8/21,27.0,8,1,31.5,8,1,24.1,8,1
2017/8/22,27.8,8,1,31.9,8,1,24.4,8,1
2017/8/23,29.4,8,1,33.7,8,1,24.7,8,1
2017/8/24,29.9,8,1,34.8,8,1,26.4,8,1
2017/8/25,30.4,8,1,34.9,8,1,25.8,8,1
2017/8/26,28.9,8,1,33.6,8,1,26.1,8,1
2017/8/27,26.6,8,1,30.6,8,1,23.2,8,1
2017/8/28,26.4,8,1,31.4,8,1,22.3,8,1
2017/8/29,28.7,8,1,32.2,8,1,25.2,8,1
2017/8/30,27.7,8,1,32.9,8,1,24.1,8,1
2017/8/31,21.6,8,1,24.2,8,1,20.0,8,1
2017/9/1,21.8,8,1,27.4,8,1,17.3,8,1
2017/9/2,20.0,8,1,24.5,8,1,16.8,8,1
2017/9/3,22.2,8,1,27.2,8,1,16.4,8,1
2017/9/4,20.6,8,1,22.5,8,1,18.9,8,1
2017/9/5,23.0,8,1,27.3,8,1,18.8,8,1
2017/9/6,21.6,8,1,22.8,8,1,19.8,8,1
2017/9/7,22.1,8,1,24.0,8,1,20.2,8,1
2017/9/8,23.8,8,1,28.2,8,1,21.0,8,1
2017/9/9,24.5,8,1,29.2,8,1,21.5,8,1
2017/9/10,25.3,8,1,29.9,8,1,21.6,8,1
2017/9/11,25.8,8,1,29.8,8,1,22.8,8,1
2017/9/12,24.8,8,1,27.0,8,1,22.7,8,1
2017/9/13,26.2,8,1,31.2,8,1,22.1,8,1
2017/9/14,25.7,8,1,31.0,8,1,22.6,8,1
2017/9/15,23.9,8,1,28.5,8,1,19.9,8,1
2017/9/16,20.5,8,1,22.9,8,1,18.1,8,1
2017/9/17,19.0,8,1,20.9,8,1,17.9,8,1
2017/9/18,27.0,8,1,33.3,8,1,20.3,8,1
2017/9/19,24.6,8,1,28.2,8,1,21.3,8,1
2017/9/20,23.3,8,1,25.7,8,1,21.4,8,1
2017/9/21,24.2,8,1,29.5,8,1,19.6,8,1
2017/9/22,21.9,8,1,26.1,8,1,19.3,8,1
2017/9/23,20.1,8,1,24.0,8,1,17.7,8,1
2017/9/24,21.9,8,1,26.3,8,1,18.0,8,1
2017/9/25,23.7,8,1,28.9,8,1,19.6,8,1
2017/9/26,23.8,8,1,28.2,8,1,20.0,8,1
2017/9/27,23.7,8,1,26.5,8,1,21.0,8,1
2017/9/28,19.2,8,1,24.7,8,1,16.2,8,1
2017/9/29,19.9,8,1,24.2,8,1,16.0,8,1
2017/9/30,20.1,8,1,24.2,8,1,17.6,8,1
2017/10/1,20.9,8,1,24.9,8,1,16.1,8,1
2017/10/2,22.3,8,1,25.1,8,1,19.6,8,1
2017/10/3,22.1,8,1,27.8,8,1,19.3,8,1
2017/10/4,18.3,8,1,21.3,8,1,15.4,8,1
2017/10/5,16.9,8,1,20.7,8,1,14.3,8,1
2017/10/6,15.7,8,1,18.6,8,1,14.0,8,1
2017/10/7,18.0,8,1,22.4,8,1,14.8,8,1
2017/10/8,20.9,8,1,26.4,8,1,17.3,8,1
2017/10/9,21.0,8,1,25.3,8,1,16.2,8,1
2017/10/10,22.8,8,1,28.6,8,1,18.1,8,1
2017/10/11,21.2,8,1,23.4,8,1,19.7,8,1
2017/10/12,23.1,8,1,29.0,8,1,18.7,8,1
2017/10/13,15.9,8,1,19.8,8,1,14.5,8,1
2017/10/14,14.6,8,1,15.4,8,1,13.7,8,1
2017/10/15,15.0,8,1,16.0,8,1,14.1,8,1
2017/10/16,12.7,8,1,14.3,8,1,11.8,8,1
2017/10/17,13.3,8,1,15.6,8,1,11.6,8,1
2017/10/18,14.5,8,1,19.5,8,1,11.2,8,1
2017/10/19,11.0,8,1,12.3,8,1,9.9,8,1
2017/10/20,14.3,8,1,17.0,8,1,11.4,8,1
2017/10/21,16.4,8,1,17.2,8,1,15.2,8,1
2017/10/22,17.4,8,1,18.1,8,1,16.8,8,1
2017/10/23,19.0,8,1,22.7,8,1,15.0,8,1
2017/10/24,15.1,8,1,18.2,8,1,13.4,8,1
2017/10/25,12.8,8,1,14.4,8,1,11.2,8,1
2017/10/26,14.4,8,1,20.2,8,1,10.3,8,1
2017/10/27,15.1,8,1,20.7,8,1,9.5,8,1
2017/10/28,14.4,8,1,16.5,8,1,13.4,8,1
2017/10/29,14.5,8,1,16.3,8,1,13.4,8,1
2017/10/30,15.3,8,1,18.9,8,1,10.5,8,1
2017/10/31,12.7,8,1,16.9,8,1,9.1,8,1
2017/11/1,13.1,8,1,19.1,8,1,9.8,8,1
2017/11/2,15.3,8,1,20.8,8,1,9.6,8,1
2017/11/3,16.2,8,1,21.9,8,1,12.0,8,1
2017/11/4,16.1,8,1,21.8,8,1,11.9,8,1
2017/11/5,13.3,8,1,17.8,8,1,10.1,8,1
2017/11/6,13.6,8,1,19.8,8,1,8.0,8,1
2017/11/7,15.5,8,1,21.2,8,1,9.3,8,1
2017/11/8,14.6,8,1,18.4,8,1,11.5,8,1
2017/11/9,14.4,8,1,18.8,8,1,10.5,8,1
2017/11/10,12.9,8,1,17.7,8,1,9.1,8,1
2017/11/11,16.4,8,1,20.7,8,1,11.3,8,1
2017/11/12,12.0,8,1,16.1,8,1,9.2,8,1
2017/11/13,11.8,8,1,16.5,8,1,7.6,8,1
2017/11/14,11.9,8,1,15.3,8,1,10.3,8,1
2017/11/15,12.8,8,1,17.0,8,1,10.2,8,1
2017/11/16,11.6,8,1,16.4,8,1,7.9,8,1
2017/11/17,9.9,8,1,13.6,8,1,5.5,8,1
2017/11/18,10.7,8,1,15.1,8,1,8.2,8,1
2017/11/19,8.6,8,1,12.3,8,1,4.7,8,1
2017/11/20,6.4,8,1,10.4,8,1,3.6,8,1
2017/11/21,7.9,8,1,11.9,8,1,3.7,8,1
2017/11/22,7.1,8,1,11.5,8,1,3.2,8,1
2017/11/23,9.4,8,1,14.5,8,1,6.1,8,1
2017/11/24,9.4,8,1,14.8,8,1,5.1,8,1
2017/11/25,9.1,8,1,14.4,8,1,3.7,8,1
2017/11/26,11.6,8,1,18.2,8,1,3.5,8,1
2017/11/27,11.4,8,1,14.5,8,1,7.7,8,1
2017/11/28,11.6,8,1,15.0,8,1,9.9,8,1
2017/11/29,12.7,8,1,19.2,8,1,7.3,8,1
2017/11/30,11.0,8,1,14.3,8,1,7.7,8,1
2017/12/1,8.5,8,1,10.2,8,1,6.7,8,1
2017/12/2,7.6,8,1,11.1,8,1,4.5,8,1
2017/12/3,8.2,8,1,12.5,8,1,5.2,8,1
2017/12/4,8.8,8,1,12.6,8,1,4.6,8,1
2017/12/5,9.2,8,1,14.5,8,1,4.4,8,1
2017/12/6,6.9,8,1,11.1,8,1,2.8,8,1
2017/12/7,6.4,8,1,11.5,8,1,2.7,8,1
2017/12/8,5.7,8,1,9.5,8,1,2.6,8,1
2017/12/9,5.9,8,1,10.4,8,1,1.2,8,1
2017/12/10,6.9,8,1,13.3,8,1,1.3,8,1
2017/12/11,9.9,8,1,16.0,8,1,5.1,8,1
2017/12/12,6.8,8,1,10.3,8,1,3.8,8,1
2017/12/13,5.9,8,1,10.4,8,1,2.6,8,1
2017/12/14,5.7,8,1,10.1,8,1,1.6,8,1
2017/12/15,5.4,8,1,8.3,8,1,3.0,8,1
2017/12/16,7.7,8,1,13.3,8,1,2.1,8,1
2017/12/17,6.1,8,1,9.3,8,1,3.3,8,1
2017/12/18,4.4,8,1,9.5,8,1,-0.2,8,1
2017/12/19,6.5,8,1,12.8,8,1,0.3,8,1
2017/12/20,5.7,8,1,9.4,8,1,2.3,8,1
2017/12/21,5.3,8,1,10.4,8,1,0.7,8,1
2017/12/22,5.4,8,1,10.9,8,1,1.5,8,1
2017/12/23,7.1,8,1,13.4,8,1,1.0,8,1
2017/12/24,7.4,8,1,10.8,8,1,4.5,8,1
2017/12/25,9.4,8,1,15.0,8,1,5.4,8,1
2017/12/26,7.5,8,1,12.6,8,1,3.6,8,1
2017/12/27,4.5,8,1,9.2,8,1,1.0,8,1
2017/12/28,4.8,8,1,9.8,8,1,1.1,8,1
2017/12/29,6.1,8,1,10.5,8,1,2.3,8,1
2017/12/30,6.2,8,1,11.1,8,1,1.0,8,1
2017/12/31,3.8,8,1,5.4,8,1,2.2,8,1
2018/1/1,6.2,8,1,13.0,8,1,0.4,8,1
